{
    "objective_value": 29.333333333333332,
    "feasibility": true,
    "execution_time": 0.896752119064331
}