{
    "objective_value": 6.857142857142857,
    "feasibility": true,
    "execution_time": 0.8776280879974365
}