{
    "objective_value": 10.333333333333334,
    "feasibility": true,
    "execution_time": 0.8227212429046631
}