{
    "objective_value": 108.92307692307692,
    "feasibility": true,
    "execution_time": 42.01201343536377
}