{
    "objective_value": 112.92307692307692,
    "feasibility": true,
    "execution_time": 41.470847606658936
}