{
    "objective_value": 134.72727272727272,
    "feasibility": true,
    "execution_time": 40.7217001914978
}