{
    "objective_value": 100.28571428571429,
    "feasibility": true,
    "execution_time": 39.01924252510071
}