{
    "objective_value": 122.83333333333333,
    "feasibility": true,
    "execution_time": 49.957406520843506
}