{
    "objective_value": 121.08333333333333,
    "feasibility": true,
    "execution_time": 45.38974976539612
}