{
    "objective_value": 106.3076923076923,
    "feasibility": true,
    "execution_time": 40.008573055267334
}