{
    "objective_value": 109.91666666666667,
    "feasibility": true,
    "execution_time": 41.497822999954224
}