{
    "objective_value": 81.66666666666667,
    "feasibility": true,
    "execution_time": 4.811315059661865
}