{
    "objective_value": 82.73684210526316,
    "feasibility": true,
    "execution_time": 32.988197326660156
}