{
    "objective_value": 79.82352941176471,
    "feasibility": true,
    "execution_time": 30.32096004486084
}