{
    "objective_value": 64.89655172413794,
    "feasibility": true,
    "execution_time": 36.945183992385864
}