{
    "objective_value": 75.76470588235294,
    "feasibility": true,
    "execution_time": 37.501951932907104
}