{
    "objective_value": 80.58823529411765,
    "feasibility": true,
    "execution_time": 35.719038248062134
}