{
    "objective_value": 68.60714285714286,
    "feasibility": true,
    "execution_time": 49.46648979187012
}