{
    "objective_value": 88.88235294117646,
    "feasibility": true,
    "execution_time": 37.34114456176758
}