{
    "objective_value": 71.21052631578948,
    "feasibility": true,
    "execution_time": 31.709920644760132
}