{
    "objective_value": 72.94736842105263,
    "feasibility": true,
    "execution_time": 32.10875153541565
}