{
    "objective_value": 499.6666666666667,
    "feasibility": true,
    "execution_time": 280.5763638019562
}