{
    "objective_value": 96.73684210526316,
    "feasibility": true,
    "execution_time": 128.62017488479614
}