{
    "objective_value": 87.57142857142857,
    "feasibility": true,
    "execution_time": 94.84773397445679
}