{
    "objective_value": 101.33333333333333,
    "feasibility": true,
    "execution_time": 98.99447703361511
}