{
    "objective_value": 86.23809523809524,
    "feasibility": true,
    "execution_time": 85.62516045570374
}