{
    "objective_value": 87.16666666666667,
    "feasibility": true,
    "execution_time": 89.32268524169922
}