{
    "objective_value": 101.93333333333334,
    "feasibility": true,
    "execution_time": 87.73948931694031
}