{
    "objective_value": 97.23529411764706,
    "feasibility": true,
    "execution_time": 108.81850028038025
}