{
    "objective_value": 107.42857142857143,
    "feasibility": true,
    "execution_time": 76.65492725372314
}