{
    "objective_value": 99.86666666666666,
    "feasibility": true,
    "execution_time": 64.46477961540222
}