{
    "objective_value": 102.06666666666666,
    "feasibility": true,
    "execution_time": 73.53360652923584
}