{
    "objective_value": 101.86666666666666,
    "feasibility": true,
    "execution_time": 103.55762004852295
}