{
    "objective_value": 89.6842105263158,
    "feasibility": true,
    "execution_time": 113.00242900848389
}