{
    "objective_value": 103.46666666666667,
    "feasibility": true,
    "execution_time": 101.04711437225342
}