{
    "objective_value": 99.73333333333333,
    "feasibility": true,
    "execution_time": 93.084055185318
}