{
    "objective_value": 632.6666666666666,
    "feasibility": true,
    "execution_time": 191.2688808441162
}