{
    "objective_value": 632.6666666666666,
    "feasibility": true,
    "execution_time": 266.58433747291565
}