{
    "objective_value": 651.6666666666666,
    "feasibility": true,
    "execution_time": 249.9849169254303
}