{
    "objective_value": 651.6666666666666,
    "feasibility": true,
    "execution_time": 332.8154876232147
}