{
    "objective_value": 651.3333333333334,
    "feasibility": true,
    "execution_time": 260.2174770832062
}