{
    "objective_value": 651.6666666666666,
    "feasibility": true,
    "execution_time": 588.8954176902771
}