{
    "objective_value": 651.6666666666666,
    "feasibility": true,
    "execution_time": 189.71944642066956
}