{
    "objective_value": 612.6666666666666,
    "feasibility": true,
    "execution_time": 197.48206686973572
}