{
    "objective_value": 612.6666666666666,
    "feasibility": true,
    "execution_time": 255.0431752204895
}