{
    "objective_value": 627.3333333333334,
    "feasibility": true,
    "execution_time": 275.03017807006836
}