{
    "objective_value": 627.3333333333334,
    "feasibility": true,
    "execution_time": 232.52748036384583
}