{
    "objective_value": 633.6666666666666,
    "feasibility": true,
    "execution_time": 282.45392966270447
}