{
    "objective_value": 633.6666666666666,
    "feasibility": true,
    "execution_time": 212.56246256828308
}