{
    "objective_value": 617.3333333333334,
    "feasibility": true,
    "execution_time": 180.71717238426208
}