{
    "objective_value": 617.3333333333334,
    "feasibility": true,
    "execution_time": 394.2657642364502
}