{
    "objective_value": 1282.3333333333333,
    "feasibility": true,
    "execution_time": 2.3632068634033203
}