{
    "objective_value": 548.6666666666666,
    "feasibility": true,
    "execution_time": 135.93462800979614
}