{
    "objective_value": 270.46153846153845,
    "feasibility": true,
    "execution_time": 73.38525581359863
}