{
    "objective_value": 1.4444444444444444,
    "feasibility": true,
    "execution_time": 0.604100227355957
}