{
    "objective_value": 124.38461538461539,
    "feasibility": true,
    "execution_time": 34.47185015678406
}