{
    "objective_value": 119.18181818181819,
    "feasibility": true,
    "execution_time": 30.721007823944092
}