{
    "objective_value": 114.33333333333333,
    "feasibility": true,
    "execution_time": 36.48179864883423
}