{
    "objective_value": 107.76470588235294,
    "feasibility": true,
    "execution_time": 30.92814826965332
}