{
    "objective_value": 128.64285714285714,
    "feasibility": true,
    "execution_time": 27.404706716537476
}