{
    "objective_value": 129.86666666666667,
    "feasibility": true,
    "execution_time": 28.85086488723755
}