{
    "objective_value": 95.71428571428571,
    "feasibility": true,
    "execution_time": 31.26698660850525
}