{
    "objective_value": 110.57894736842105,
    "feasibility": true,
    "execution_time": 0.696897029876709
}