{
    "objective_value": 110.57894736842105,
    "feasibility": true,
    "execution_time": 1.5724248886108398
}