{
    "objective_value": 110.57894736842105,
    "feasibility": true,
    "execution_time": 1.720655918121338
}