{
    "objective_value": 110.57894736842105,
    "feasibility": true,
    "execution_time": 1.4975144863128662
}