{
    "objective_value": 2.6666666666666665,
    "feasibility": true,
    "execution_time": 0.7148563861846924
}