{
    "objective_value": 26.392857142857142,
    "feasibility": true,
    "execution_time": 81.86258792877197
}