{
    "objective_value": 30.565217391304348,
    "feasibility": true,
    "execution_time": 71.60373306274414
}