{
    "objective_value": 30.727272727272727,
    "feasibility": true,
    "execution_time": 67.91440057754517
}