{
    "objective_value": 27.517241379310345,
    "feasibility": true,
    "execution_time": 75.28633165359497
}