{
    "objective_value": 27.137931034482758,
    "feasibility": true,
    "execution_time": 77.28743815422058
}