{
    "objective_value": 22.575757575757574,
    "feasibility": true,
    "execution_time": 68.92696690559387
}