{
    "objective_value": 30.217391304347824,
    "feasibility": true,
    "execution_time": 80.29883980751038
}