{
    "objective_value": 88.33333333333333,
    "feasibility": true,
    "execution_time": 2.9204909801483154
}