{
    "objective_value": 45.121212121212125,
    "feasibility": true,
    "execution_time": 34.9677951335907
}