{
    "objective_value": 56.19047619047619,
    "feasibility": true,
    "execution_time": 29.490047216415405
}