{
    "objective_value": 49.25806451612903,
    "feasibility": true,
    "execution_time": 34.18357992172241
}