{
    "objective_value": 56.04545454545455,
    "feasibility": true,
    "execution_time": 30.802741289138794
}