{
    "objective_value": 47.421052631578945,
    "feasibility": true,
    "execution_time": 42.34805941581726
}