{
    "objective_value": 60.666666666666664,
    "feasibility": true,
    "execution_time": 30.876266717910767
}