{
    "objective_value": 2.142857142857143,
    "feasibility": true,
    "execution_time": 0.686903715133667
}