{
    "objective_value": 2.5833333333333335,
    "feasibility": true,
    "execution_time": 0.6564590930938721
}