{
    "objective_value": 1.0476190476190477,
    "feasibility": true,
    "execution_time": 2.3823914527893066
}