{
    "objective_value": 0.864406779661017,
    "feasibility": true,
    "execution_time": 2.2594809532165527
}