{
    "objective_value": 0.9739130434782609,
    "feasibility": true,
    "execution_time": 2.32496976852417
}