{
    "objective_value": 1.045045045045045,
    "feasibility": true,
    "execution_time": 2.2662062644958496
}