{
    "objective_value": 1.212962962962963,
    "feasibility": true,
    "execution_time": 3.299234390258789
}