{
    "objective_value": 0.889763779527559,
    "feasibility": true,
    "execution_time": 2.8044440746307373
}