{
    "objective_value": 0.9587628865979382,
    "feasibility": true,
    "execution_time": 2.322157859802246
}