{
    "objective_value": 0.926605504587156,
    "feasibility": true,
    "execution_time": 2.374192714691162
}