{
    "objective_value": 0.953125,
    "feasibility": true,
    "execution_time": 2.4957776069641113
}