{
    "objective_value": 0.9568965517241379,
    "feasibility": true,
    "execution_time": 2.4182000160217285
}