{
    "objective_value": 69.71428571428571,
    "feasibility": true,
    "execution_time": 7.05678129196167
}