{
    "objective_value": 85.33333333333333,
    "feasibility": true,
    "execution_time": 4.558120250701904
}