{
    "objective_value": 86.33333333333333,
    "feasibility": true,
    "execution_time": 5.338608264923096
}