{
    "objective_value": 87.33333333333333,
    "feasibility": true,
    "execution_time": 5.507107734680176
}