{
    "objective_value": 36.11764705882353,
    "feasibility": true,
    "execution_time": 9.408177137374878
}