{
    "objective_value": 632.6666666666666,
    "feasibility": true,
    "execution_time": 291.9640066623688
}