{
    "objective_value": 626.3333333333334,
    "feasibility": true,
    "execution_time": 289.8830621242523
}