{
    "objective_value": 651.3333333333334,
    "feasibility": true,
    "execution_time": 249.94528222084045
}