{
    "objective_value": 651.6666666666666,
    "feasibility": true,
    "execution_time": 254.6800422668457
}