{
    "objective_value": 625.3333333333334,
    "feasibility": true,
    "execution_time": 239.3793179988861
}