{
    "objective_value": 613.3333333333334,
    "feasibility": true,
    "execution_time": 257.2805724143982
}