{
    "objective_value": 627.3333333333334,
    "feasibility": true,
    "execution_time": 298.8949828147888
}