{
    "objective_value": 617.3333333333334,
    "feasibility": true,
    "execution_time": 274.8350188732147
}