{
    "objective_value": 57.63636363636363,
    "feasibility": true,
    "execution_time": 55.852617025375366
}