{
    "objective_value": 60.73684210526316,
    "feasibility": true,
    "execution_time": 40.359485149383545
}