{
    "objective_value": 59.78947368421053,
    "feasibility": true,
    "execution_time": 46.73375344276428
}