{
    "objective_value": 60.26315789473684,
    "feasibility": true,
    "execution_time": 46.25953006744385
}