{
    "objective_value": 60.526315789473685,
    "feasibility": true,
    "execution_time": 38.06258821487427
}