{
    "objective_value": 59.36842105263158,
    "feasibility": true,
    "execution_time": 37.395503282547
}