{
    "objective_value": 56.714285714285715,
    "feasibility": true,
    "execution_time": 45.86237812042236
}