{
    "objective_value": 59.68421052631579,
    "feasibility": true,
    "execution_time": 40.103978872299194
}