{
    "objective_value": 2.4285714285714284,
    "feasibility": true,
    "execution_time": 0.8837523460388184
}