{
    "objective_value": 87.94117647058823,
    "feasibility": true,
    "execution_time": 52.64565587043762
}