{
    "objective_value": 89.27777777777777,
    "feasibility": true,
    "execution_time": 46.30172657966614
}