{
    "objective_value": 76.04761904761905,
    "feasibility": true,
    "execution_time": 41.1860408782959
}