{
    "objective_value": 102.36363636363636,
    "feasibility": true,
    "execution_time": 32.743306159973145
}