{
    "objective_value": 79.15789473684211,
    "feasibility": true,
    "execution_time": 47.5415244102478
}