{
    "objective_value": 75.65217391304348,
    "feasibility": true,
    "execution_time": 43.04881143569946
}