{
    "objective_value": 87.66666666666667,
    "feasibility": true,
    "execution_time": 7.208876848220825
}