{
    "objective_value": 62.02040816326531,
    "feasibility": true,
    "execution_time": 1.3456377983093262
}