{
    "objective_value": 62.02040816326531,
    "feasibility": true,
    "execution_time": 3.102745771408081
}