{
    "objective_value": 62.02040816326531,
    "feasibility": true,
    "execution_time": 3.415226936340332
}