{
    "objective_value": 62.02040816326531,
    "feasibility": true,
    "execution_time": 3.9096295833587646
}