{
    "objective_value": 62.02040816326531,
    "feasibility": true,
    "execution_time": 3.6159775257110596
}