{
    "objective_value": 62.02040816326531,
    "feasibility": true,
    "execution_time": 4.235379934310913
}