{
    "objective_value": 62.02040816326531,
    "feasibility": true,
    "execution_time": 3.171804189682007
}