{
    "objective_value": 62.02040816326531,
    "feasibility": true,
    "execution_time": 2.983198881149292
}