{
    "objective_value": 62.02040816326531,
    "feasibility": true,
    "execution_time": 4.336314916610718
}