{
    "objective_value": 503.3333333333333,
    "feasibility": true,
    "execution_time": 178.32866501808167
}