{
    "objective_value": 28.333333333333332,
    "feasibility": true,
    "execution_time": 0.8437025547027588
}