{
    "objective_value": 492.3333333333333,
    "feasibility": true,
    "execution_time": 81.15590858459473
}