{
    "objective_value": 207.15384615384616,
    "feasibility": true,
    "execution_time": 0.6665351390838623
}