{
    "objective_value": 499.6666666666667,
    "feasibility": true,
    "execution_time": 244.61624002456665
}