{
    "objective_value": 98.58823529411765,
    "feasibility": true,
    "execution_time": 24.55838131904602
}