{
    "objective_value": 95.27777777777777,
    "feasibility": true,
    "execution_time": 21.669930458068848
}