{
    "objective_value": 96.72222222222223,
    "feasibility": true,
    "execution_time": 25.110966444015503
}