{
    "objective_value": 85.77777777777777,
    "feasibility": true,
    "execution_time": 24.145228624343872
}