{
    "objective_value": 87.94736842105263,
    "feasibility": true,
    "execution_time": 22.799440145492554
}