{
    "objective_value": 112.15384615384616,
    "feasibility": true,
    "execution_time": 21.493606328964233
}