{
    "objective_value": 117.07142857142857,
    "feasibility": true,
    "execution_time": 23.920774459838867
}