{
    "objective_value": 88.44444444444444,
    "feasibility": true,
    "execution_time": 29.455634355545044
}