{
    "objective_value": 106.91666666666667,
    "feasibility": true,
    "execution_time": 25.09662938117981
}