{
    "objective_value": 480.3333333333333,
    "feasibility": true,
    "execution_time": 97.76410007476807
}