{
    "objective_value": 4.571428571428571,
    "feasibility": true,
    "execution_time": 1.1540939807891846
}