{
    "objective_value": 4.266666666666667,
    "feasibility": true,
    "execution_time": 1.240487813949585
}