{
    "objective_value": 3.526315789473684,
    "feasibility": true,
    "execution_time": 1.296039342880249
}