{
    "objective_value": 3.5789473684210527,
    "feasibility": true,
    "execution_time": 1.2126402854919434
}