{
    "objective_value": 4.769230769230769,
    "feasibility": true,
    "execution_time": 1.0666155815124512
}