{
    "objective_value": 3.5789473684210527,
    "feasibility": true,
    "execution_time": 1.2447519302368164
}