{
    "objective_value": 56.45454545454545,
    "feasibility": true,
    "execution_time": 85.44938683509827
}