{
    "objective_value": 60.13636363636363,
    "feasibility": true,
    "execution_time": 93.67640471458435
}