{
    "objective_value": 49.074074074074076,
    "feasibility": true,
    "execution_time": 73.09974122047424
}