{
    "objective_value": 55.391304347826086,
    "feasibility": true,
    "execution_time": 80.01174759864807
}