{
    "objective_value": 55.61904761904762,
    "feasibility": true,
    "execution_time": 90.46888089179993
}