{
    "objective_value": 57.833333333333336,
    "feasibility": true,
    "execution_time": 94.65839767456055
}