{
    "objective_value": 52.03333333333333,
    "feasibility": true,
    "execution_time": 121.07578539848328
}