{
    "objective_value": 50.541666666666664,
    "feasibility": true,
    "execution_time": 71.64404940605164
}