{
    "objective_value": 44.064516129032256,
    "feasibility": true,
    "execution_time": 51.521944761276245
}