{
    "objective_value": 48.68571428571428,
    "feasibility": true,
    "execution_time": 69.39342641830444
}