{
    "objective_value": 48.029411764705884,
    "feasibility": true,
    "execution_time": 59.12980842590332
}