{
    "objective_value": 45.87096774193548,
    "feasibility": true,
    "execution_time": 50.72307109832764
}