{
    "objective_value": 48.65384615384615,
    "feasibility": true,
    "execution_time": 45.86927247047424
}