{
    "objective_value": 47.40625,
    "feasibility": true,
    "execution_time": 54.719717025756836
}