{
    "objective_value": 55.958333333333336,
    "feasibility": true,
    "execution_time": 44.620940923690796
}