{
    "objective_value": 59.21052631578947,
    "feasibility": true,
    "execution_time": 45.28815770149231
}