{
    "objective_value": 52.333333333333336,
    "feasibility": true,
    "execution_time": 51.24428653717041
}