{
    "objective_value": 63.111111111111114,
    "feasibility": true,
    "execution_time": 42.06893062591553
}