{
    "objective_value": 60.36842105263158,
    "feasibility": true,
    "execution_time": 46.13397002220154
}