{
    "objective_value": 62.72222222222222,
    "feasibility": true,
    "execution_time": 43.64382028579712
}