{
    "objective_value": 53.73913043478261,
    "feasibility": true,
    "execution_time": 46.95032262802124
}