{
    "objective_value": 64.57894736842105,
    "feasibility": true,
    "execution_time": 57.552661180496216
}