{
    "objective_value": 67.76470588235294,
    "feasibility": true,
    "execution_time": 42.003014087677
}