{
    "objective_value": 93.33333333333333,
    "feasibility": true,
    "execution_time": 8.068645238876343
}