{
    "objective_value": 81.05263157894737,
    "feasibility": true,
    "execution_time": 22.187705278396606
}