{
    "objective_value": 95.93333333333334,
    "feasibility": true,
    "execution_time": 20.342922687530518
}