{
    "objective_value": 77.0909090909091,
    "feasibility": true,
    "execution_time": 22.378491640090942
}