{
    "objective_value": 92.73333333333333,
    "feasibility": true,
    "execution_time": 19.683972358703613
}