{
    "objective_value": 76.47058823529412,
    "feasibility": true,
    "execution_time": 19.64340305328369
}