{
    "objective_value": 65.71428571428571,
    "feasibility": true,
    "execution_time": 22.399226665496826
}