{
    "objective_value": 85.9090909090909,
    "feasibility": true,
    "execution_time": 23.248783588409424
}