{
    "objective_value": 83.57142857142857,
    "feasibility": true,
    "execution_time": 20.283368587493896
}