{
    "objective_value": 45.785714285714285,
    "feasibility": true,
    "execution_time": 8.484160900115967
}