{
    "objective_value": 1.4583333333333333,
    "feasibility": true,
    "execution_time": 0.9143719673156738
}