{
    "objective_value": 2.3636363636363638,
    "feasibility": true,
    "execution_time": 0.8613810539245605
}