{
    "objective_value": 1.5555555555555556,
    "feasibility": true,
    "execution_time": 0.8225572109222412
}