{
    "objective_value": 1.391304347826087,
    "feasibility": true,
    "execution_time": 0.8594727516174316
}