{
    "objective_value": 1.7619047619047619,
    "feasibility": true,
    "execution_time": 0.9333295822143555
}