{
    "objective_value": 496.6666666666667,
    "feasibility": true,
    "execution_time": 101.4582097530365
}