{
    "objective_value": 66.60714285714286,
    "feasibility": true,
    "execution_time": 23.96418786048889
}