{
    "objective_value": 53.07142857142857,
    "feasibility": true,
    "execution_time": 23.279192686080933
}