{
    "objective_value": 76.11764705882354,
    "feasibility": true,
    "execution_time": 23.45512104034424
}