{
    "objective_value": 67.6923076923077,
    "feasibility": true,
    "execution_time": 25.900071144104004
}