{
    "objective_value": 71.9047619047619,
    "feasibility": true,
    "execution_time": 28.374481916427612
}