{
    "objective_value": 54.52777777777778,
    "feasibility": true,
    "execution_time": 27.62262201309204
}