{
    "objective_value": 65.34615384615384,
    "feasibility": true,
    "execution_time": 27.765918016433716
}