{
    "objective_value": 53.470588235294116,
    "feasibility": true,
    "execution_time": 27.911599159240723
}