{
    "objective_value": 486.6666666666667,
    "feasibility": true,
    "execution_time": 65.34402894973755
}