{
    "objective_value": 454.3333333333333,
    "feasibility": true,
    "execution_time": 53.51907968521118
}