{
    "objective_value": 62.44827586206897,
    "feasibility": true,
    "execution_time": 41.96273469924927
}