{
    "objective_value": 62.44827586206897,
    "feasibility": true,
    "execution_time": 46.51612949371338
}