{
    "objective_value": 61.535714285714285,
    "feasibility": true,
    "execution_time": 51.41519832611084
}