{
    "objective_value": 65.1304347826087,
    "feasibility": true,
    "execution_time": 40.615074634552
}