{
    "objective_value": 60.642857142857146,
    "feasibility": true,
    "execution_time": 49.68862271308899
}