{
    "objective_value": 64.6896551724138,
    "feasibility": true,
    "execution_time": 36.243990898132324
}