{
    "objective_value": 63.43478260869565,
    "feasibility": true,
    "execution_time": 49.29467058181763
}