{
    "objective_value": 61.535714285714285,
    "feasibility": true,
    "execution_time": 36.59979248046875
}