{
    "objective_value": 60.642857142857146,
    "feasibility": true,
    "execution_time": 37.09038305282593
}