{
    "objective_value": 63.43478260869565,
    "feasibility": true,
    "execution_time": 37.19835305213928
}