{
    "objective_value": 59.78787878787879,
    "feasibility": true,
    "execution_time": 40.84693717956543
}