{
    "objective_value": 59.193548387096776,
    "feasibility": true,
    "execution_time": 55.94336414337158
}