{
    "objective_value": 59.78787878787879,
    "feasibility": true,
    "execution_time": 61.073883056640625
}