{
    "objective_value": 59.90625,
    "feasibility": true,
    "execution_time": 40.118547201156616
}