{
    "objective_value": 59.193548387096776,
    "feasibility": true,
    "execution_time": 37.816425800323486
}