{
    "objective_value": 64.6896551724138,
    "feasibility": true,
    "execution_time": 50.0722496509552
}