{
    "objective_value": 65.1304347826087,
    "feasibility": true,
    "execution_time": 41.92793917655945
}