{
    "objective_value": 59.90625,
    "feasibility": true,
    "execution_time": 52.2944598197937
}