{
    "objective_value": 62.416666666666664,
    "feasibility": true,
    "execution_time": 45.42386436462402
}