{
    "objective_value": 61.03703703703704,
    "feasibility": true,
    "execution_time": 36.1955451965332
}