{
    "objective_value": 63.064516129032256,
    "feasibility": true,
    "execution_time": 54.276387214660645
}