{
    "objective_value": 61.03703703703704,
    "feasibility": true,
    "execution_time": 53.914549827575684
}