{
    "objective_value": 63.333333333333336,
    "feasibility": true,
    "execution_time": 57.389994859695435
}