{
    "objective_value": 61.214285714285715,
    "feasibility": true,
    "execution_time": 39.16756200790405
}