{
    "objective_value": 62.416666666666664,
    "feasibility": true,
    "execution_time": 34.24422740936279
}