{
    "objective_value": 63.333333333333336,
    "feasibility": true,
    "execution_time": 35.67754411697388
}