{
    "objective_value": 59.25714285714286,
    "feasibility": true,
    "execution_time": 41.04579043388367
}