{
    "objective_value": 63.34615384615385,
    "feasibility": true,
    "execution_time": 42.833014726638794
}