{
    "objective_value": 63.064516129032256,
    "feasibility": true,
    "execution_time": 40.96328163146973
}