{
    "objective_value": 59.25714285714286,
    "feasibility": true,
    "execution_time": 57.17171859741211
}