{
    "objective_value": 61.214285714285715,
    "feasibility": true,
    "execution_time": 53.60500121116638
}