{
    "objective_value": 61.583333333333336,
    "feasibility": true,
    "execution_time": 50.166030406951904
}