{
    "objective_value": 63.34615384615385,
    "feasibility": true,
    "execution_time": 40.04926347732544
}