{
    "objective_value": 59.41379310344828,
    "feasibility": true,
    "execution_time": 57.40951871871948
}