{
    "objective_value": 61.583333333333336,
    "feasibility": true,
    "execution_time": 36.43411660194397
}