{
    "objective_value": 59.41379310344828,
    "feasibility": true,
    "execution_time": 38.6624231338501
}