{
    "objective_value": 64.51724137931035,
    "feasibility": true,
    "execution_time": 59.82984185218811
}