{
    "objective_value": 64.51724137931035,
    "feasibility": true,
    "execution_time": 39.70784139633179
}