{
    "objective_value": 64.77272727272727,
    "feasibility": true,
    "execution_time": 37.7618043422699
}