{
    "objective_value": 64.77272727272727,
    "feasibility": true,
    "execution_time": 55.53986382484436
}