{
    "objective_value": 63.851851851851855,
    "feasibility": true,
    "execution_time": 57.69621014595032
}