{
    "objective_value": 63.851851851851855,
    "feasibility": true,
    "execution_time": 40.73959970474243
}