{
    "objective_value": 61.416666666666664,
    "feasibility": true,
    "execution_time": 58.65652585029602
}