{
    "objective_value": 61.416666666666664,
    "feasibility": true,
    "execution_time": 40.41485619544983
}