{
    "objective_value": 62.96296296296296,
    "feasibility": true,
    "execution_time": 53.283286809921265
}