{
    "objective_value": 62.96296296296296,
    "feasibility": true,
    "execution_time": 38.42679238319397
}