{
    "objective_value": 548.6666666666666,
    "feasibility": true,
    "execution_time": 181.21998238563538
}