{
    "objective_value": 522.3333333333334,
    "feasibility": true,
    "execution_time": 197.72584629058838
}