{
    "objective_value": 2.176470588235294,
    "feasibility": true,
    "execution_time": 0.711479663848877
}