{
    "objective_value": 93.17647058823529,
    "feasibility": true,
    "execution_time": 18.453349590301514
}