{
    "objective_value": 104.21428571428571,
    "feasibility": true,
    "execution_time": 21.078477382659912
}