{
    "objective_value": 77.22222222222223,
    "feasibility": true,
    "execution_time": 20.416808605194092
}