{
    "objective_value": 112.6923076923077,
    "feasibility": true,
    "execution_time": 20.629596710205078
}