{
    "objective_value": 103.78571428571429,
    "feasibility": true,
    "execution_time": 22.500061511993408
}