{
    "objective_value": 94.15789473684211,
    "feasibility": true,
    "execution_time": 21.712226629257202
}