{
    "objective_value": 81.82352941176471,
    "feasibility": true,
    "execution_time": 19.614967107772827
}