{
    "objective_value": 85.33333333333333,
    "feasibility": true,
    "execution_time": 19.593998432159424
}