{
    "objective_value": 56.44444444444444,
    "feasibility": true,
    "execution_time": 93.16319632530212
}