{
    "objective_value": 58.43478260869565,
    "feasibility": true,
    "execution_time": 80.44015645980835
}