{
    "objective_value": 56.791666666666664,
    "feasibility": true,
    "execution_time": 80.83936738967896
}