{
    "objective_value": 56.43478260869565,
    "feasibility": true,
    "execution_time": 80.67127680778503
}