{
    "objective_value": 59.27272727272727,
    "feasibility": true,
    "execution_time": 74.2098560333252
}