{
    "objective_value": 480.6666666666667,
    "feasibility": true,
    "execution_time": 39.21978402137756
}