{
    "objective_value": 21.333333333333332,
    "feasibility": true,
    "execution_time": 0.7312180995941162
}