{
    "objective_value": 548.6666666666666,
    "feasibility": true,
    "execution_time": 219.26033210754395
}