{
    "objective_value": 122.21428571428571,
    "feasibility": true,
    "execution_time": 31.872225761413574
}