{
    "objective_value": 100.28571428571429,
    "feasibility": true,
    "execution_time": 31.044145584106445
}