{
    "objective_value": 95.26666666666667,
    "feasibility": true,
    "execution_time": 31.996424436569214
}