{
    "objective_value": 91.91666666666667,
    "feasibility": true,
    "execution_time": 26.657411575317383
}