{
    "objective_value": 102.41176470588235,
    "feasibility": true,
    "execution_time": 29.936693906784058
}