{
    "objective_value": 106.38461538461539,
    "feasibility": true,
    "execution_time": 25.676741361618042
}