{
    "objective_value": 133.78571428571428,
    "feasibility": true,
    "execution_time": 32.605045557022095
}