{
    "objective_value": 521.3333333333334,
    "feasibility": true,
    "execution_time": 149.07312774658203
}