{
    "objective_value": 1040.142857142857,
    "feasibility": true,
    "execution_time": 2.5902931690216064
}