{
    "objective_value": 68.29411764705883,
    "feasibility": true,
    "execution_time": 50.418317556381226
}