{
    "objective_value": 55.083333333333336,
    "feasibility": true,
    "execution_time": 62.4721622467041
}