{
    "objective_value": 60.94736842105263,
    "feasibility": true,
    "execution_time": 64.04594135284424
}