{
    "objective_value": 66.52941176470588,
    "feasibility": true,
    "execution_time": 55.83460807800293
}