{
    "objective_value": 67.52941176470588,
    "feasibility": true,
    "execution_time": 54.95187211036682
}