{
    "objective_value": 63.166666666666664,
    "feasibility": true,
    "execution_time": 47.49568843841553
}