{
    "objective_value": 63.888888888888886,
    "feasibility": true,
    "execution_time": 48.97959852218628
}