{
    "objective_value": 548.6666666666666,
    "feasibility": true,
    "execution_time": 122.43646836280823
}