{
    "objective_value": 1571.3333333333333,
    "feasibility": true,
    "execution_time": 1.9226596355438232
}