{
    "objective_value": 25.392857142857142,
    "feasibility": true,
    "execution_time": 73.60244846343994
}