{
    "objective_value": 24.925925925925927,
    "feasibility": true,
    "execution_time": 67.05915975570679
}