{
    "objective_value": 30.095238095238095,
    "feasibility": true,
    "execution_time": 64.32254076004028
}