{
    "objective_value": 29.736842105263158,
    "feasibility": true,
    "execution_time": 63.76455044746399
}