{
    "objective_value": 22.545454545454547,
    "feasibility": true,
    "execution_time": 75.57505393028259
}