{
    "objective_value": 30.181818181818183,
    "feasibility": true,
    "execution_time": 68.15983700752258
}