{
    "objective_value": 28.444444444444443,
    "feasibility": true,
    "execution_time": 74.28611397743225
}