{
    "objective_value": 25.076923076923077,
    "feasibility": true,
    "execution_time": 68.23465633392334
}