{
    "objective_value": 31.541666666666668,
    "feasibility": true,
    "execution_time": 72.48099040985107
}