{
    "objective_value": 65.54545454545455,
    "feasibility": true,
    "execution_time": 94.29870462417603
}