{
    "objective_value": 64.10714285714286,
    "feasibility": true,
    "execution_time": 92.4613127708435
}