{
    "objective_value": 66.45833333333333,
    "feasibility": true,
    "execution_time": 79.83142113685608
}