{
    "objective_value": 62.81818181818182,
    "feasibility": true,
    "execution_time": 92.10795307159424
}