{
    "objective_value": 66.44444444444444,
    "feasibility": true,
    "execution_time": 77.97765851020813
}