{
    "objective_value": 59.32258064516129,
    "feasibility": true,
    "execution_time": 90.1608510017395
}