{
    "objective_value": 62.82608695652174,
    "feasibility": true,
    "execution_time": 107.10359168052673
}