{
    "objective_value": 62.36666666666667,
    "feasibility": true,
    "execution_time": 95.0000388622284
}