{
    "objective_value": 62.69565217391305,
    "feasibility": true,
    "execution_time": 78.63513398170471
}