{
    "objective_value": 65.26086956521739,
    "feasibility": true,
    "execution_time": 79.6814341545105
}