{
    "objective_value": 64.94117647058823,
    "feasibility": true,
    "execution_time": 85.72470593452454
}