{
    "objective_value": 63.61904761904762,
    "feasibility": true,
    "execution_time": 76.64213681221008
}