{
    "objective_value": 61.96296296296296,
    "feasibility": true,
    "execution_time": 90.7063946723938
}