{
    "objective_value": 62.583333333333336,
    "feasibility": true,
    "execution_time": 81.6555724143982
}