{
    "objective_value": 65.29629629629629,
    "feasibility": true,
    "execution_time": 87.829176902771
}