{
    "objective_value": 63.69565217391305,
    "feasibility": true,
    "execution_time": 83.68256282806396
}