{
    "objective_value": 62.333333333333336,
    "feasibility": true,
    "execution_time": 95.41916155815125
}