{
    "objective_value": 66.54166666666667,
    "feasibility": true,
    "execution_time": 90.9306492805481
}