{
    "objective_value": 62.63636363636363,
    "feasibility": true,
    "execution_time": 76.48363447189331
}