{
    "objective_value": 64.86363636363636,
    "feasibility": true,
    "execution_time": 81.26904344558716
}