{
    "objective_value": 499.6666666666667,
    "feasibility": true,
    "execution_time": 165.8663775920868
}