{
    "objective_value": 144.8235294117647,
    "feasibility": true,
    "execution_time": 0.8149747848510742
}