{
    "objective_value": 63.333333333333336,
    "feasibility": true,
    "execution_time": 58.71298122406006
}