{
    "objective_value": 63.44444444444444,
    "feasibility": true,
    "execution_time": 81.43228650093079
}