{
    "objective_value": 67.70588235294117,
    "feasibility": true,
    "execution_time": 76.92782974243164
}