{
    "objective_value": 60.10526315789474,
    "feasibility": true,
    "execution_time": 97.31267046928406
}