{
    "objective_value": 66.47058823529412,
    "feasibility": true,
    "execution_time": 92.2614495754242
}