{
    "objective_value": 66.23529411764706,
    "feasibility": true,
    "execution_time": 58.52651762962341
}