{
    "objective_value": 62.666666666666664,
    "feasibility": true,
    "execution_time": 59.86883187294006
}