{
    "objective_value": 54.666666666666664,
    "feasibility": true,
    "execution_time": 32.358607053756714
}