{
    "objective_value": 54.23809523809524,
    "feasibility": true,
    "execution_time": 30.81010127067566
}