{
    "objective_value": 60.68421052631579,
    "feasibility": true,
    "execution_time": 30.098998546600342
}