{
    "objective_value": 59.78947368421053,
    "feasibility": true,
    "execution_time": 30.2090847492218
}