{
    "objective_value": 54.95454545454545,
    "feasibility": true,
    "execution_time": 38.26534414291382
}