{
    "objective_value": 62.55555555555556,
    "feasibility": true,
    "execution_time": 34.07471418380737
}