{
    "objective_value": 546.6666666666666,
    "feasibility": true,
    "execution_time": 78.63498878479004
}