{
    "objective_value": 0.8846153846153846,
    "feasibility": true,
    "execution_time": 0.4617323875427246
}