{
    "objective_value": 45.026315789473685,
    "feasibility": true,
    "execution_time": 1.0364031791687012
}