{
    "objective_value": 45.026315789473685,
    "feasibility": true,
    "execution_time": 3.8163540363311768
}