{
    "objective_value": 45.026315789473685,
    "feasibility": true,
    "execution_time": 2.5572521686553955
}