{
    "objective_value": 45.026315789473685,
    "feasibility": true,
    "execution_time": 3.2855727672576904
}