{
    "objective_value": 45.026315789473685,
    "feasibility": true,
    "execution_time": 2.8439528942108154
}