{
    "objective_value": 96.41176470588235,
    "feasibility": true,
    "execution_time": 50.08739924430847
}