{
    "objective_value": 103.18181818181819,
    "feasibility": true,
    "execution_time": 36.525017976760864
}