{
    "objective_value": 118.41666666666667,
    "feasibility": true,
    "execution_time": 40.803436279296875
}