{
    "objective_value": 94.54545454545455,
    "feasibility": true,
    "execution_time": 37.63252902030945
}