{
    "objective_value": 113.36363636363636,
    "feasibility": true,
    "execution_time": 34.17386746406555
}