{
    "objective_value": 125.9090909090909,
    "feasibility": true,
    "execution_time": 41.11905002593994
}