{
    "objective_value": 104.23076923076923,
    "feasibility": true,
    "execution_time": 44.59713959693909
}