{
    "objective_value": 99.3076923076923,
    "feasibility": true,
    "execution_time": 43.02548694610596
}