{
    "objective_value": 111.33333333333333,
    "feasibility": true,
    "execution_time": 41.08356547355652
}