{
    "objective_value": 109.88888888888889,
    "feasibility": true,
    "execution_time": 37.09719896316528
}