{
    "objective_value": 1.2956521739130435,
    "feasibility": true,
    "execution_time": 1.782071590423584
}