{
    "objective_value": 1.2410714285714286,
    "feasibility": true,
    "execution_time": 1.7980751991271973
}