{
    "objective_value": 1.297029702970297,
    "feasibility": true,
    "execution_time": 1.7373127937316895
}