{
    "objective_value": 1.65625,
    "feasibility": true,
    "execution_time": 1.362332820892334
}