{
    "objective_value": 1.3113207547169812,
    "feasibility": true,
    "execution_time": 1.9553253650665283
}