{
    "objective_value": 1.3896103896103895,
    "feasibility": true,
    "execution_time": 1.457092523574829
}