{
    "objective_value": 1.2735042735042734,
    "feasibility": true,
    "execution_time": 1.6235182285308838
}