{
    "objective_value": 1.3956043956043955,
    "feasibility": true,
    "execution_time": 1.533837080001831
}