{
    "objective_value": 1.3689320388349515,
    "feasibility": true,
    "execution_time": 1.4932053089141846
}