{
    "objective_value": 1.4479166666666667,
    "feasibility": true,
    "execution_time": 1.5134522914886475
}