{
    "objective_value": 52.26923076923077,
    "feasibility": true,
    "execution_time": 51.19274663925171
}