{
    "objective_value": 49.96969696969697,
    "feasibility": true,
    "execution_time": 64.54273533821106
}