{
    "objective_value": 56.59090909090909,
    "feasibility": true,
    "execution_time": 57.880539417266846
}