{
    "objective_value": 59.73684210526316,
    "feasibility": true,
    "execution_time": 52.94260883331299
}