{
    "objective_value": 55.04761904761905,
    "feasibility": true,
    "execution_time": 44.846269607543945
}