{
    "objective_value": 52.391304347826086,
    "feasibility": true,
    "execution_time": 45.00249409675598
}