{
    "objective_value": 54.142857142857146,
    "feasibility": true,
    "execution_time": 42.79809808731079
}