{
    "objective_value": 63.22222222222222,
    "feasibility": true,
    "execution_time": 43.90065550804138
}