{
    "objective_value": 53.766666666666666,
    "feasibility": true,
    "execution_time": 71.84911394119263
}