{
    "objective_value": 51.46153846153846,
    "feasibility": true,
    "execution_time": 62.694398641586304
}