{
    "objective_value": 529.9166666666666,
    "feasibility": true,
    "execution_time": 1.9092130661010742
}