{
    "objective_value": 10.272727272727273,
    "feasibility": true,
    "execution_time": 4.096863269805908
}