{
    "objective_value": 13.714285714285714,
    "feasibility": true,
    "execution_time": 3.9713964462280273
}