{
    "objective_value": 12.555555555555555,
    "feasibility": true,
    "execution_time": 3.9314393997192383
}