{
    "objective_value": 14.833333333333334,
    "feasibility": true,
    "execution_time": 3.594137191772461
}