{
    "objective_value": 59.65217391304348,
    "feasibility": true,
    "execution_time": 2.3208096027374268
}