{
    "objective_value": 59.65217391304348,
    "feasibility": true,
    "execution_time": 1.9695348739624023
}