{
    "objective_value": 59.65217391304348,
    "feasibility": true,
    "execution_time": 1.9676380157470703
}