{
    "objective_value": 59.65217391304348,
    "feasibility": true,
    "execution_time": 2.3648874759674072
}