{
    "objective_value": 56.42857142857143,
    "feasibility": true,
    "execution_time": 88.84492754936218
}