{
    "objective_value": 57.608695652173914,
    "feasibility": true,
    "execution_time": 125.30309700965881
}