{
    "objective_value": 56.80769230769231,
    "feasibility": true,
    "execution_time": 99.72416234016418
}