{
    "objective_value": 60.333333333333336,
    "feasibility": true,
    "execution_time": 84.24887442588806
}