{
    "objective_value": 56.61904761904762,
    "feasibility": true,
    "execution_time": 75.30516076087952
}