{
    "objective_value": 57.04545454545455,
    "feasibility": true,
    "execution_time": 58.55098628997803
}