{
    "objective_value": 56.166666666666664,
    "feasibility": true,
    "execution_time": 76.23993182182312
}