{
    "objective_value": 548.6666666666666,
    "feasibility": true,
    "execution_time": 163.59544253349304
}