{
    "objective_value": 1.7272727272727273,
    "feasibility": true,
    "execution_time": 0.8513815402984619
}