{
    "objective_value": 2.0526315789473686,
    "feasibility": true,
    "execution_time": 0.8738255500793457
}