{
    "objective_value": 1.4782608695652173,
    "feasibility": true,
    "execution_time": 0.9811482429504395
}