{
    "objective_value": 1.6842105263157894,
    "feasibility": true,
    "execution_time": 0.8334639072418213
}