{
    "objective_value": 1.6363636363636365,
    "feasibility": true,
    "execution_time": 0.8543252944946289
}