{
    "objective_value": 51.63636363636363,
    "feasibility": true,
    "execution_time": 165.0032525062561
}