{
    "objective_value": 56.69565217391305,
    "feasibility": true,
    "execution_time": 127.62590909004211
}