{
    "objective_value": 58.130434782608695,
    "feasibility": true,
    "execution_time": 130.4102566242218
}