{
    "objective_value": 57.095238095238095,
    "feasibility": true,
    "execution_time": 137.74445247650146
}