{
    "objective_value": 59.916666666666664,
    "feasibility": true,
    "execution_time": 112.97630381584167
}