{
    "objective_value": 56.166666666666664,
    "feasibility": true,
    "execution_time": 128.38817644119263
}