{
    "objective_value": 56.26086956521739,
    "feasibility": true,
    "execution_time": 104.8074860572815
}