{
    "objective_value": 1.4266666666666667,
    "feasibility": true,
    "execution_time": 0.4967162609100342
}