{
    "objective_value": 1.4266666666666667,
    "feasibility": true,
    "execution_time": 0.9000802040100098
}