{
    "objective_value": 1.4266666666666667,
    "feasibility": true,
    "execution_time": 1.4344041347503662
}