{
    "objective_value": 85.72222222222223,
    "feasibility": true,
    "execution_time": 47.06053113937378
}