{
    "objective_value": 74.10526315789474,
    "feasibility": true,
    "execution_time": 50.07205820083618
}