{
    "objective_value": 81.05882352941177,
    "feasibility": true,
    "execution_time": 50.58537030220032
}