{
    "objective_value": 86.55555555555556,
    "feasibility": true,
    "execution_time": 45.398714780807495
}