{
    "objective_value": 85.57142857142857,
    "feasibility": true,
    "execution_time": 40.04725694656372
}