{
    "objective_value": 79.44444444444444,
    "feasibility": true,
    "execution_time": 47.71147418022156
}