{
    "objective_value": 81.80952380952381,
    "feasibility": true,
    "execution_time": 55.75187849998474
}