{
    "objective_value": 60.035714285714285,
    "feasibility": true,
    "execution_time": 37.68773555755615
}