{
    "objective_value": 77.71428571428571,
    "feasibility": true,
    "execution_time": 40.74374055862427
}