{
    "objective_value": 76.61904761904762,
    "feasibility": true,
    "execution_time": 39.97116708755493
}