{
    "objective_value": 78.05882352941177,
    "feasibility": true,
    "execution_time": 36.54224610328674
}