{
    "objective_value": 77.47619047619048,
    "feasibility": true,
    "execution_time": 39.885722160339355
}