{
    "objective_value": 70.3913043478261,
    "feasibility": true,
    "execution_time": 34.1627733707428
}