{
    "objective_value": 427.6666666666667,
    "feasibility": true,
    "execution_time": 1.1416566371917725
}