{
    "objective_value": 85.66666666666667,
    "feasibility": true,
    "execution_time": 4.428719997406006
}