{
    "objective_value": 90.66666666666667,
    "feasibility": true,
    "execution_time": 5.784742593765259
}