{
    "objective_value": 64.41666666666667,
    "feasibility": true,
    "execution_time": 51.1192569732666
}