{
    "objective_value": 61.57692307692308,
    "feasibility": true,
    "execution_time": 70.51730751991272
}