{
    "objective_value": 61.70967741935484,
    "feasibility": true,
    "execution_time": 64.47441697120667
}