{
    "objective_value": 64.10714285714286,
    "feasibility": true,
    "execution_time": 63.04615807533264
}