{
    "objective_value": 59.32258064516129,
    "feasibility": true,
    "execution_time": 53.52554368972778
}