{
    "objective_value": 61.46153846153846,
    "feasibility": true,
    "execution_time": 60.12091302871704
}