{
    "objective_value": 63.608695652173914,
    "feasibility": true,
    "execution_time": 50.91416907310486
}