{
    "objective_value": 62.42307692307692,
    "feasibility": true,
    "execution_time": 57.71121168136597
}