{
    "objective_value": 61.41379310344828,
    "feasibility": true,
    "execution_time": 62.520752906799316
}