{
    "objective_value": 62.666666666666664,
    "feasibility": true,
    "execution_time": 54.21058702468872
}