{
    "objective_value": 64.65217391304348,
    "feasibility": true,
    "execution_time": 52.50290536880493
}