{
    "objective_value": 63.61904761904762,
    "feasibility": true,
    "execution_time": 52.113391637802124
}