{
    "objective_value": 62.69565217391305,
    "feasibility": true,
    "execution_time": 54.75128364562988
}