{
    "objective_value": 64.41176470588235,
    "feasibility": true,
    "execution_time": 43.847041845321655
}