{
    "objective_value": 64.45833333333333,
    "feasibility": true,
    "execution_time": 51.74284029006958
}