{
    "objective_value": 64.10714285714286,
    "feasibility": true,
    "execution_time": 60.48997116088867
}