{
    "objective_value": 65.14285714285714,
    "feasibility": true,
    "execution_time": 52.79098176956177
}