{
    "objective_value": 63.208333333333336,
    "feasibility": true,
    "execution_time": 50.71941018104553
}