{
    "objective_value": 62.333333333333336,
    "feasibility": true,
    "execution_time": 46.18576908111572
}