{
    "objective_value": 65.0952380952381,
    "feasibility": true,
    "execution_time": 45.41925883293152
}