{
    "objective_value": 62.36363636363637,
    "feasibility": true,
    "execution_time": 48.49299478530884
}