{
    "objective_value": 64.6086956521739,
    "feasibility": true,
    "execution_time": 54.05794095993042
}