{
    "objective_value": 5.333333333333333,
    "feasibility": true,
    "execution_time": 0.3751487731933594
}