{
    "objective_value": 103.42857142857143,
    "feasibility": true,
    "execution_time": 34.520495653152466
}