{
    "objective_value": 87.88235294117646,
    "feasibility": true,
    "execution_time": 30.471231937408447
}