{
    "objective_value": 73.66666666666667,
    "feasibility": true,
    "execution_time": 22.603743314743042
}