{
    "objective_value": 90.33333333333333,
    "feasibility": true,
    "execution_time": 26.895378828048706
}