{
    "objective_value": 105.46153846153847,
    "feasibility": true,
    "execution_time": 30.53258204460144
}