{
    "objective_value": 97.72727272727273,
    "feasibility": true,
    "execution_time": 33.43937969207764
}