{
    "objective_value": 1.3703703703703705,
    "feasibility": true,
    "execution_time": 0.5395321846008301
}