{
    "objective_value": 3.823529411764706,
    "feasibility": true,
    "execution_time": 1.1737840175628662
}