{
    "objective_value": 3.6666666666666665,
    "feasibility": true,
    "execution_time": 1.2108421325683594
}