{
    "objective_value": 2.576923076923077,
    "feasibility": true,
    "execution_time": 1.3276445865631104
}