{
    "objective_value": 4.266666666666667,
    "feasibility": true,
    "execution_time": 1.267134428024292
}