{
    "objective_value": 3.090909090909091,
    "feasibility": true,
    "execution_time": 1.1772217750549316
}