{
    "objective_value": 4.428571428571429,
    "feasibility": true,
    "execution_time": 1.2294108867645264
}