{
    "objective_value": 499.6666666666667,
    "feasibility": true,
    "execution_time": 217.9088740348816
}