{
    "objective_value": 1.7391304347826086,
    "feasibility": true,
    "execution_time": 0.8023531436920166
}