{
    "objective_value": 2.3846153846153846,
    "feasibility": true,
    "execution_time": 0.8461213111877441
}