{
    "objective_value": 2.5833333333333335,
    "feasibility": true,
    "execution_time": 0.7614743709564209
}