{
    "objective_value": 99.53333333333333,
    "feasibility": true,
    "execution_time": 257.9346604347229
}