{
    "objective_value": 103.93333333333334,
    "feasibility": true,
    "execution_time": 244.95515847206116
}