{
    "objective_value": 100.93333333333334,
    "feasibility": true,
    "execution_time": 245.35345578193665
}