{
    "objective_value": 108.71428571428571,
    "feasibility": true,
    "execution_time": 275.0395221710205
}