{
    "objective_value": 102.46666666666667,
    "feasibility": true,
    "execution_time": 260.3297555446625
}