{
    "objective_value": 100.73333333333333,
    "feasibility": true,
    "execution_time": 278.5841555595398
}