{
    "objective_value": 108.07142857142857,
    "feasibility": true,
    "execution_time": 317.3866939544678
}