{
    "objective_value": 101.06666666666666,
    "feasibility": true,
    "execution_time": 275.4659903049469
}