{
    "objective_value": 100.33333333333333,
    "feasibility": true,
    "execution_time": 245.8610668182373
}