{
    "objective_value": 106.78571428571429,
    "feasibility": true,
    "execution_time": 296.5984869003296
}