{
    "objective_value": 100.46666666666667,
    "feasibility": true,
    "execution_time": 259.73930191993713
}