{
    "objective_value": 100.33333333333333,
    "feasibility": true,
    "execution_time": 242.7308554649353
}