{
    "objective_value": 100.13333333333334,
    "feasibility": true,
    "execution_time": 249.95992708206177
}