{
    "objective_value": 108.14285714285714,
    "feasibility": true,
    "execution_time": 256.0104582309723
}