{
    "objective_value": 100.93333333333334,
    "feasibility": true,
    "execution_time": 311.36292719841003
}