{
    "objective_value": 102.86666666666666,
    "feasibility": true,
    "execution_time": 395.6250228881836
}