{
    "objective_value": 103.66666666666667,
    "feasibility": true,
    "execution_time": 294.2401268482208
}