{
    "objective_value": 102.86666666666666,
    "feasibility": true,
    "execution_time": 267.1522512435913
}