{
    "objective_value": 101.26666666666667,
    "feasibility": true,
    "execution_time": 253.3520028591156
}