{
    "objective_value": 1.6428571428571428,
    "feasibility": true,
    "execution_time": 0.5092439651489258
}