{
    "objective_value": 138.7058823529412,
    "feasibility": true,
    "execution_time": 0.7499651908874512
}