{
    "objective_value": 5.571428571428571,
    "feasibility": true,
    "execution_time": 0.8734683990478516
}