{
    "objective_value": 7.666666666666667,
    "feasibility": true,
    "execution_time": 0.8223083019256592
}