{
    "objective_value": 12.666666666666666,
    "feasibility": true,
    "execution_time": 0.7889242172241211
}