{
    "objective_value": 8.166666666666666,
    "feasibility": true,
    "execution_time": 0.9133086204528809
}