{
    "objective_value": 1.7727272727272727,
    "feasibility": true,
    "execution_time": 0.8414108753204346
}