{
    "objective_value": 63.833333333333336,
    "feasibility": true,
    "execution_time": 81.68563294410706
}