{
    "objective_value": 63.77777777777778,
    "feasibility": true,
    "execution_time": 91.89075803756714
}