{
    "objective_value": 63.166666666666664,
    "feasibility": true,
    "execution_time": 90.72642779350281
}