{
    "objective_value": 75.73333333333333,
    "feasibility": true,
    "execution_time": 104.45987367630005
}