{
    "objective_value": 63.333333333333336,
    "feasibility": true,
    "execution_time": 92.74117374420166
}