{
    "objective_value": 62.77777777777778,
    "feasibility": true,
    "execution_time": 109.40317440032959
}