{
    "objective_value": 489.6666666666667,
    "feasibility": true,
    "execution_time": 66.49670791625977
}