{
    "objective_value": 66.20833333333333,
    "feasibility": true,
    "execution_time": 1.2734522819519043
}