{
    "objective_value": 522.6666666666666,
    "feasibility": true,
    "execution_time": 229.6545991897583
}