{
    "objective_value": 1.853658536585366,
    "feasibility": true,
    "execution_time": 1.6806774139404297
}