{
    "objective_value": 1.6451612903225807,
    "feasibility": true,
    "execution_time": 1.6586205959320068
}