{
    "objective_value": 1.9870129870129871,
    "feasibility": true,
    "execution_time": 1.7199389934539795
}