{
    "objective_value": 2.111111111111111,
    "feasibility": true,
    "execution_time": 1.6691741943359375
}