{
    "objective_value": 1.7882352941176471,
    "feasibility": true,
    "execution_time": 1.6515038013458252
}