{
    "objective_value": 2.013157894736842,
    "feasibility": true,
    "execution_time": 1.5459120273590088
}