{
    "objective_value": 1.7386363636363635,
    "feasibility": true,
    "execution_time": 1.5773422718048096
}