{
    "objective_value": 548.3333333333334,
    "feasibility": true,
    "execution_time": 117.44915699958801
}