{
    "objective_value": 10.777777777777779,
    "feasibility": true,
    "execution_time": 3.9010114669799805
}