{
    "objective_value": 14.142857142857142,
    "feasibility": true,
    "execution_time": 3.939115285873413
}