{
    "objective_value": 10.727272727272727,
    "feasibility": true,
    "execution_time": 4.198754787445068
}