{
    "objective_value": 11.222222222222221,
    "feasibility": true,
    "execution_time": 4.276662588119507
}