{
    "objective_value": 12.714285714285714,
    "feasibility": true,
    "execution_time": 3.8165977001190186
}