{
    "objective_value": 55.93939393939394,
    "feasibility": true,
    "execution_time": 23.074556827545166
}