{
    "objective_value": 54.03703703703704,
    "feasibility": true,
    "execution_time": 22.575183391571045
}