{
    "objective_value": 57.357142857142854,
    "feasibility": true,
    "execution_time": 25.76033091545105
}