{
    "objective_value": 66.41666666666667,
    "feasibility": true,
    "execution_time": 26.434176206588745
}