{
    "objective_value": 70.80952380952381,
    "feasibility": true,
    "execution_time": 31.143779516220093
}