{
    "objective_value": 62.47826086956522,
    "feasibility": true,
    "execution_time": 25.775391340255737
}