{
    "objective_value": 71.34615384615384,
    "feasibility": true,
    "execution_time": 30.35601234436035
}