{
    "objective_value": 2.2941176470588234,
    "feasibility": true,
    "execution_time": 0.7662596702575684
}