{
    "objective_value": 1.6956521739130435,
    "feasibility": true,
    "execution_time": 0.6194818019866943
}