{
    "objective_value": 68.41176470588235,
    "feasibility": true,
    "execution_time": 61.07168006896973
}