{
    "objective_value": 66.23529411764706,
    "feasibility": true,
    "execution_time": 61.43995642662048
}