{
    "objective_value": 66.05882352941177,
    "feasibility": true,
    "execution_time": 60.354517698287964
}