{
    "objective_value": 66.88235294117646,
    "feasibility": true,
    "execution_time": 56.606860399246216
}