{
    "objective_value": 62.94444444444444,
    "feasibility": true,
    "execution_time": 53.37827014923096
}