{
    "objective_value": 2.2222222222222223,
    "feasibility": true,
    "execution_time": 0.6484541893005371
}