{
    "objective_value": 2.3846153846153846,
    "feasibility": true,
    "execution_time": 0.6830472946166992
}