{
    "objective_value": 1.7777777777777777,
    "feasibility": true,
    "execution_time": 0.7401235103607178
}