{
    "objective_value": 2.3636363636363638,
    "feasibility": true,
    "execution_time": 0.7314159870147705
}