{
    "objective_value": 1.9411764705882353,
    "feasibility": true,
    "execution_time": 0.6615829467773438
}