{
    "objective_value": 2.272727272727273,
    "feasibility": true,
    "execution_time": 0.6460914611816406
}