{
    "objective_value": 1.3793103448275863,
    "feasibility": true,
    "execution_time": 0.7846889495849609
}