{
    "objective_value": 1.4166666666666667,
    "feasibility": true,
    "execution_time": 0.6148686408996582
}