{
    "objective_value": 1.8888888888888888,
    "feasibility": true,
    "execution_time": 0.6955854892730713
}