{
    "objective_value": 2.176470588235294,
    "feasibility": true,
    "execution_time": 0.7800350189208984
}