{
    "objective_value": 2.357142857142857,
    "feasibility": true,
    "execution_time": 0.6987173557281494
}