{
    "objective_value": 2.466666666666667,
    "feasibility": true,
    "execution_time": 0.7597405910491943
}