{
    "objective_value": 2.2666666666666666,
    "feasibility": true,
    "execution_time": 0.7326476573944092
}