{
    "objective_value": 499.6666666666667,
    "feasibility": true,
    "execution_time": 110.62371683120728
}