{
    "objective_value": 77.66666666666667,
    "feasibility": true,
    "execution_time": 8.352960586547852
}