{
    "objective_value": 1.853658536585366,
    "feasibility": true,
    "execution_time": 2.1555402278900146
}