{
    "objective_value": 1.6451612903225807,
    "feasibility": true,
    "execution_time": 1.7587809562683105
}