{
    "objective_value": 1.9870129870129871,
    "feasibility": true,
    "execution_time": 1.8897418975830078
}