{
    "objective_value": 2.111111111111111,
    "feasibility": true,
    "execution_time": 1.7782468795776367
}