{
    "objective_value": 1.7882352941176471,
    "feasibility": true,
    "execution_time": 2.126814603805542
}