{
    "objective_value": 1.9870129870129871,
    "feasibility": true,
    "execution_time": 2.085254669189453
}