{
    "objective_value": 2.0985915492957745,
    "feasibility": true,
    "execution_time": 1.776362419128418
}