{
    "objective_value": 63.44444444444444,
    "feasibility": true,
    "execution_time": 56.01481652259827
}