{
    "objective_value": 64.88888888888889,
    "feasibility": true,
    "execution_time": 65.34054636955261
}