{
    "objective_value": 117.66666666666667,
    "feasibility": true,
    "execution_time": 9.278748035430908
}