{
    "objective_value": 119.66666666666667,
    "feasibility": true,
    "execution_time": 9.868120431900024
}