{
    "objective_value": 9.662337662337663,
    "feasibility": true,
    "execution_time": 1.2855384349822998
}