{
    "objective_value": 63.388888888888886,
    "feasibility": true,
    "execution_time": 61.139270067214966
}