{
    "objective_value": 63.05555555555556,
    "feasibility": true,
    "execution_time": 82.20182824134827
}