{
    "objective_value": 66.70588235294117,
    "feasibility": true,
    "execution_time": 60.924750328063965
}