{
    "objective_value": 66.23529411764706,
    "feasibility": true,
    "execution_time": 63.43311262130737
}