{
    "objective_value": 67.41176470588235,
    "feasibility": true,
    "execution_time": 61.284358978271484
}