{
    "objective_value": 66.94117647058823,
    "feasibility": true,
    "execution_time": 59.75011920928955
}