{
    "objective_value": 62.833333333333336,
    "feasibility": true,
    "execution_time": 62.8710196018219
}