{
    "objective_value": 66.29411764705883,
    "feasibility": true,
    "execution_time": 74.36595439910889
}