{
    "objective_value": 1.6956521739130435,
    "feasibility": true,
    "execution_time": 0.6243679523468018
}