{
    "objective_value": 1.0347222222222223,
    "feasibility": true,
    "execution_time": 1.5737512111663818
}