{
    "objective_value": 0.987012987012987,
    "feasibility": true,
    "execution_time": 1.5577776432037354
}