{
    "objective_value": 1.3953488372093024,
    "feasibility": true,
    "execution_time": 1.198439121246338
}