{
    "objective_value": 1.1145038167938932,
    "feasibility": true,
    "execution_time": 1.7016887664794922
}