{
    "objective_value": 0.9907407407407407,
    "feasibility": true,
    "execution_time": 1.6029949188232422
}