{
    "objective_value": 1.0797101449275361,
    "feasibility": true,
    "execution_time": 1.608978033065796
}