{
    "objective_value": 1.2459016393442623,
    "feasibility": true,
    "execution_time": 1.5343494415283203
}