{
    "objective_value": 30.333333333333332,
    "feasibility": true,
    "execution_time": 1.2384328842163086
}