{
    "objective_value": 2.0526315789473686,
    "feasibility": true,
    "execution_time": 0.6316664218902588
}