{
    "objective_value": 50.214285714285715,
    "feasibility": true,
    "execution_time": 43.80766534805298
}