{
    "objective_value": 48.666666666666664,
    "feasibility": true,
    "execution_time": 55.342655420303345
}