{
    "objective_value": 51.592592592592595,
    "feasibility": true,
    "execution_time": 41.29645872116089
}