{
    "objective_value": 49.76923076923077,
    "feasibility": true,
    "execution_time": 34.54968857765198
}