{
    "objective_value": 50.19230769230769,
    "feasibility": true,
    "execution_time": 44.23748445510864
}