{
    "objective_value": 56.666666666666664,
    "feasibility": true,
    "execution_time": 46.6769335269928
}