{
    "objective_value": 58.666666666666664,
    "feasibility": true,
    "execution_time": 48.912983894348145
}