{
    "objective_value": 48.35294117647059,
    "feasibility": true,
    "execution_time": 56.33881902694702
}