{
    "objective_value": 2.4285714285714284,
    "feasibility": true,
    "execution_time": 0.7573361396789551
}