{
    "objective_value": 548.6666666666666,
    "feasibility": true,
    "execution_time": 151.98519897460938
}