{
    "objective_value": 11.26206896551724,
    "feasibility": true,
    "execution_time": 1.1792142391204834
}