{
    "objective_value": 102.85714285714286,
    "feasibility": true,
    "execution_time": 0.9556968212127686
}