{
    "objective_value": 102.33333333333333,
    "feasibility": true,
    "execution_time": 199.0292387008667
}