{
    "objective_value": 108.71428571428571,
    "feasibility": true,
    "execution_time": 230.4571888446808
}