{
    "objective_value": 100.66666666666667,
    "feasibility": true,
    "execution_time": 224.72296810150146
}