{
    "objective_value": 103.73333333333333,
    "feasibility": true,
    "execution_time": 198.83737707138062
}