{
    "objective_value": 108.07142857142857,
    "feasibility": true,
    "execution_time": 199.55943846702576
}