{
    "objective_value": 99.53333333333333,
    "feasibility": true,
    "execution_time": 202.10303044319153
}