{
    "objective_value": 100.53333333333333,
    "feasibility": true,
    "execution_time": 224.24778771400452
}