{
    "objective_value": 100.46666666666667,
    "feasibility": true,
    "execution_time": 196.98341417312622
}