{
    "objective_value": 108.14285714285714,
    "feasibility": true,
    "execution_time": 184.02985405921936
}