{
    "objective_value": 100.33333333333333,
    "feasibility": true,
    "execution_time": 180.404780626297
}