{
    "objective_value": 102.73333333333333,
    "feasibility": true,
    "execution_time": 181.45899295806885
}