{
    "objective_value": 101.06666666666666,
    "feasibility": true,
    "execution_time": 192.21161198616028
}