{
    "objective_value": 106.78571428571429,
    "feasibility": true,
    "execution_time": 205.08729004859924
}