{
    "objective_value": 100.06666666666666,
    "feasibility": true,
    "execution_time": 180.945228099823
}