{
    "objective_value": 100.33333333333333,
    "feasibility": true,
    "execution_time": 186.47762060165405
}