{
    "objective_value": 100.26666666666667,
    "feasibility": true,
    "execution_time": 178.0667519569397
}