{
    "objective_value": 100.93333333333334,
    "feasibility": true,
    "execution_time": 211.4919536113739
}