{
    "objective_value": 102.86666666666666,
    "feasibility": true,
    "execution_time": 208.7158522605896
}