{
    "objective_value": 102.86666666666666,
    "feasibility": true,
    "execution_time": 197.74959421157837
}