{
    "objective_value": 101.26666666666667,
    "feasibility": true,
    "execution_time": 192.1971561908722
}