{
    "objective_value": 502.3333333333333,
    "feasibility": true,
    "execution_time": 139.32542967796326
}