{
    "objective_value": 367.8181818181818,
    "feasibility": true,
    "execution_time": 1196.6561863422394
}