{
    "objective_value": 370.6363636363636,
    "feasibility": true,
    "execution_time": 1565.6072041988373
}