{
    "objective_value": 371.27272727272725,
    "feasibility": true,
    "execution_time": 1449.9070954322815
}