{
    "objective_value": 380.09090909090907,
    "feasibility": true,
    "execution_time": 2116.4886667728424
}