{
    "objective_value": 377.6363636363636,
    "feasibility": true,
    "execution_time": 1472.8074979782104
}