{
    "objective_value": 359.8181818181818,
    "feasibility": true,
    "execution_time": 1191.0941574573517
}