{
    "objective_value": 133.42857142857142,
    "feasibility": true,
    "execution_time": 0.8357326984405518
}