{
    "objective_value": 500.6666666666667,
    "feasibility": true,
    "execution_time": 125.36776924133301
}