{
    "objective_value": 548.6666666666666,
    "feasibility": true,
    "execution_time": 209.63425731658936
}