{
    "objective_value": 2.3333333333333335,
    "feasibility": true,
    "execution_time": 0.9178862571716309
}