{
    "objective_value": 499.6666666666667,
    "feasibility": true,
    "execution_time": 272.5324261188507
}