{
    "objective_value": 21.333333333333332,
    "feasibility": true,
    "execution_time": 1.4420571327209473
}