{
    "objective_value": 544.3333333333334,
    "feasibility": true,
    "execution_time": 68.47352194786072
}