{
    "objective_value": 526.3333333333334,
    "feasibility": true,
    "execution_time": 252.63024806976318
}