{
    "objective_value": 499.6666666666667,
    "feasibility": true,
    "execution_time": 151.91563034057617
}