{
    "objective_value": 73.05555555555556,
    "feasibility": true,
    "execution_time": 1.0951447486877441
}