{
    "objective_value": 651.6666666666666,
    "feasibility": true,
    "execution_time": 349.4930257797241
}