{
    "objective_value": 626.3333333333334,
    "feasibility": true,
    "execution_time": 423.90087699890137
}