{
    "objective_value": 651.3333333333334,
    "feasibility": true,
    "execution_time": 327.94962549209595
}