{
    "objective_value": 613.6666666666666,
    "feasibility": true,
    "execution_time": 332.7363257408142
}