{
    "objective_value": 625.3333333333334,
    "feasibility": true,
    "execution_time": 329.5778203010559
}