{
    "objective_value": 627.3333333333334,
    "feasibility": true,
    "execution_time": 514.8706061840057
}