{
    "objective_value": 617.3333333333334,
    "feasibility": true,
    "execution_time": 359.3510916233063
}