{
    "objective_value": 522.3333333333334,
    "feasibility": true,
    "execution_time": 184.89615035057068
}