{
    "objective_value": 1.9166666666666667,
    "feasibility": true,
    "execution_time": 0.5491788387298584
}