{
    "objective_value": 7.666666666666667,
    "feasibility": true,
    "execution_time": 0.853116512298584
}