{
    "objective_value": 12.666666666666666,
    "feasibility": true,
    "execution_time": 0.8819994926452637
}