{
    "objective_value": 522.3333333333334,
    "feasibility": true,
    "execution_time": 157.20266008377075
}