{
    "objective_value": 106.33333333333333,
    "feasibility": true,
    "execution_time": 8.820609331130981
}