{
    "objective_value": 63.81818181818182,
    "feasibility": true,
    "execution_time": 23.096062421798706
}