{
    "objective_value": 77.84210526315789,
    "feasibility": true,
    "execution_time": 22.16974902153015
}