{
    "objective_value": 81.55555555555556,
    "feasibility": true,
    "execution_time": 21.157423973083496
}