{
    "objective_value": 66.80952380952381,
    "feasibility": true,
    "execution_time": 24.810577630996704
}