{
    "objective_value": 91.77777777777777,
    "feasibility": true,
    "execution_time": 17.32792019844055
}