{
    "objective_value": 77.89473684210526,
    "feasibility": true,
    "execution_time": 21.228413820266724
}