{
    "objective_value": 89.93333333333334,
    "feasibility": true,
    "execution_time": 20.07788586616516
}