{
    "objective_value": 76.18181818181819,
    "feasibility": true,
    "execution_time": 20.979177236557007
}