{
    "objective_value": 93.94736842105263,
    "feasibility": true,
    "execution_time": 21.07727074623108
}