{
    "objective_value": 7.166666666666667,
    "feasibility": true,
    "execution_time": 0.8532507419586182
}