{
    "objective_value": 2.857142857142857,
    "feasibility": true,
    "execution_time": 0.8433349132537842
}