{
    "objective_value": 4.363636363636363,
    "feasibility": true,
    "execution_time": 0.8273396492004395
}