{
    "objective_value": 4.166666666666667,
    "feasibility": true,
    "execution_time": 0.8002264499664307
}