{
    "objective_value": 4.555555555555555,
    "feasibility": true,
    "execution_time": 0.8500559329986572
}