{
    "objective_value": 3.466666666666667,
    "feasibility": true,
    "execution_time": 0.8330636024475098
}