{
    "objective_value": 2.1666666666666665,
    "feasibility": true,
    "execution_time": 0.7487051486968994
}