{
    "objective_value": 100.73333333333333,
    "feasibility": true,
    "execution_time": 293.205365896225
}