{
    "objective_value": 100.66666666666667,
    "feasibility": true,
    "execution_time": 175.03862810134888
}