{
    "objective_value": 100.66666666666667,
    "feasibility": true,
    "execution_time": 427.51498556137085
}