{
    "objective_value": 102.33333333333333,
    "feasibility": true,
    "execution_time": 449.6191883087158
}