{
    "objective_value": 103.53333333333333,
    "feasibility": true,
    "execution_time": 323.1206912994385
}