{
    "objective_value": 103.53333333333333,
    "feasibility": true,
    "execution_time": 129.73458313941956
}