{
    "objective_value": 102.33333333333333,
    "feasibility": true,
    "execution_time": 141.66414499282837
}