{
    "objective_value": 108.07142857142857,
    "feasibility": true,
    "execution_time": 202.12937998771667
}