{
    "objective_value": 108.64285714285714,
    "feasibility": true,
    "execution_time": 159.65367889404297
}