{
    "objective_value": 103.53333333333333,
    "feasibility": true,
    "execution_time": 401.5747261047363
}