{
    "objective_value": 103.53333333333333,
    "feasibility": true,
    "execution_time": 148.04236888885498
}