{
    "objective_value": 108.07142857142857,
    "feasibility": true,
    "execution_time": 135.04067969322205
}