{
    "objective_value": 100.73333333333333,
    "feasibility": true,
    "execution_time": 132.76782536506653
}