{
    "objective_value": 108.64285714285714,
    "feasibility": true,
    "execution_time": 455.93181800842285
}