{
    "objective_value": 100.33333333333333,
    "feasibility": true,
    "execution_time": 226.48187255859375
}