{
    "objective_value": 104.86666666666666,
    "feasibility": true,
    "execution_time": 160.95547556877136
}