{
    "objective_value": 102.53333333333333,
    "feasibility": true,
    "execution_time": 203.16949462890625
}