{
    "objective_value": 100.06666666666666,
    "feasibility": true,
    "execution_time": 221.73640513420105
}