{
    "objective_value": 108.14285714285714,
    "feasibility": true,
    "execution_time": 174.79491686820984
}