{
    "objective_value": 102.53333333333333,
    "feasibility": true,
    "execution_time": 180.19084668159485
}