{
    "objective_value": 101.06666666666666,
    "feasibility": true,
    "execution_time": 187.01616716384888
}