{
    "objective_value": 108.14285714285714,
    "feasibility": true,
    "execution_time": 227.78998470306396
}