{
    "objective_value": 101.06666666666666,
    "feasibility": true,
    "execution_time": 266.60577630996704
}