{
    "objective_value": 104.86666666666666,
    "feasibility": true,
    "execution_time": 203.1985731124878
}