{
    "objective_value": 100.33333333333333,
    "feasibility": true,
    "execution_time": 179.75820398330688
}