{
    "objective_value": 100.46666666666667,
    "feasibility": true,
    "execution_time": 184.01965022087097
}