{
    "objective_value": 100.06666666666666,
    "feasibility": true,
    "execution_time": 168.44064831733704
}