{
    "objective_value": 99.93333333333334,
    "feasibility": true,
    "execution_time": 143.3534951210022
}