{
    "objective_value": 99.93333333333334,
    "feasibility": true,
    "execution_time": 224.80977869033813
}