{
    "objective_value": 100.46666666666667,
    "feasibility": true,
    "execution_time": 278.00851464271545
}