{
    "objective_value": 100.33333333333333,
    "feasibility": true,
    "execution_time": 159.68334889411926
}