{
    "objective_value": 100.93333333333334,
    "feasibility": true,
    "execution_time": 166.03621244430542
}