{
    "objective_value": 100.93333333333334,
    "feasibility": true,
    "execution_time": 198.45496487617493
}