{
    "objective_value": 102.73333333333333,
    "feasibility": true,
    "execution_time": 198.88856649398804
}