{
    "objective_value": 102.73333333333333,
    "feasibility": true,
    "execution_time": 165.89576125144958
}