{
    "objective_value": 103.46666666666667,
    "feasibility": true,
    "execution_time": 192.93316888809204
}