{
    "objective_value": 103.46666666666667,
    "feasibility": true,
    "execution_time": 136.28677463531494
}