{
    "objective_value": 101.26666666666667,
    "feasibility": true,
    "execution_time": 195.85508799552917
}