{
    "objective_value": 101.26666666666667,
    "feasibility": true,
    "execution_time": 135.7123785018921
}