{
    "objective_value": 196.42857142857142,
    "feasibility": true,
    "execution_time": 0.7563674449920654
}