{
    "objective_value": 632.6666666666666,
    "feasibility": true,
    "execution_time": 140.1828293800354
}