{
    "objective_value": 625.6666666666666,
    "feasibility": true,
    "execution_time": 133.47033858299255
}