{
    "objective_value": 620.6666666666666,
    "feasibility": true,
    "execution_time": 119.90149712562561
}