{
    "objective_value": 627.3333333333334,
    "feasibility": true,
    "execution_time": 151.44988918304443
}