{
    "objective_value": 633.3333333333334,
    "feasibility": true,
    "execution_time": 139.7769796848297
}