{
    "objective_value": 663.6666666666666,
    "feasibility": true,
    "execution_time": 135.06930375099182
}