{
    "objective_value": 616.6666666666666,
    "feasibility": true,
    "execution_time": 141.1710216999054
}