{
    "objective_value": 635.6666666666666,
    "feasibility": true,
    "execution_time": 132.80651807785034
}