{
    "objective_value": 104.28571428571429,
    "feasibility": true,
    "execution_time": 1.6174798011779785
}