{
    "objective_value": 1.8658536585365855,
    "feasibility": true,
    "execution_time": 1.7101082801818848
}