{
    "objective_value": 1.530612244897959,
    "feasibility": true,
    "execution_time": 1.6926782131195068
}