{
    "objective_value": 1.8734177215189873,
    "feasibility": true,
    "execution_time": 1.6583445072174072
}