{
    "objective_value": 1.4423076923076923,
    "feasibility": true,
    "execution_time": 1.5668396949768066
}