{
    "objective_value": 1.6785714285714286,
    "feasibility": true,
    "execution_time": 1.5791077613830566
}