{
    "objective_value": 2.2708333333333335,
    "feasibility": true,
    "execution_time": 0.47412872314453125
}