{
    "objective_value": 177.76923076923077,
    "feasibility": true,
    "execution_time": 1.1351916790008545
}