{
    "objective_value": 502.3333333333333,
    "feasibility": true,
    "execution_time": 137.9133083820343
}