{
    "objective_value": 490.6666666666667,
    "feasibility": true,
    "execution_time": 74.50110220909119
}