{
    "objective_value": 916.5555555555555,
    "feasibility": true,
    "execution_time": 1.8700222969055176
}