{
    "objective_value": 55.526315789473685,
    "feasibility": true,
    "execution_time": 20.225581645965576
}