{
    "objective_value": 54.17142857142857,
    "feasibility": true,
    "execution_time": 21.457053422927856
}