{
    "objective_value": 53.65853658536585,
    "feasibility": true,
    "execution_time": 22.92319416999817
}