{
    "objective_value": 54.64102564102564,
    "feasibility": true,
    "execution_time": 21.342442512512207
}