{
    "objective_value": 52.40909090909091,
    "feasibility": true,
    "execution_time": 21.082589626312256
}