{
    "objective_value": 53.567567567567565,
    "feasibility": true,
    "execution_time": 20.714602947235107
}