{
    "objective_value": 56.827586206896555,
    "feasibility": true,
    "execution_time": 20.29106593132019
}