{
    "objective_value": 55.22857142857143,
    "feasibility": true,
    "execution_time": 19.42177963256836
}