{
    "objective_value": 59.371428571428574,
    "feasibility": true,
    "execution_time": 20.015232801437378
}