{
    "objective_value": 61.06060606060606,
    "feasibility": true,
    "execution_time": 20.89245319366455
}