{
    "objective_value": 58.357142857142854,
    "feasibility": true,
    "execution_time": 19.800223112106323
}