{
    "objective_value": 57.7027027027027,
    "feasibility": true,
    "execution_time": 20.619908809661865
}