{
    "objective_value": 51.674418604651166,
    "feasibility": true,
    "execution_time": 22.236213207244873
}