{
    "objective_value": 59.45161290322581,
    "feasibility": true,
    "execution_time": 23.28965187072754
}