{
    "objective_value": 56.925925925925924,
    "feasibility": true,
    "execution_time": 18.37531805038452
}