{
    "objective_value": 55.083333333333336,
    "feasibility": true,
    "execution_time": 20.667914390563965
}