{
    "objective_value": 54.52777777777778,
    "feasibility": true,
    "execution_time": 20.15919542312622
}