{
    "objective_value": 60.12903225806452,
    "feasibility": true,
    "execution_time": 19.184293031692505
}