{
    "objective_value": 52.65625,
    "feasibility": true,
    "execution_time": 19.87970757484436
}