{
    "objective_value": 56.87096774193548,
    "feasibility": true,
    "execution_time": 20.58833384513855
}