{
    "objective_value": 55.73529411764706,
    "feasibility": true,
    "execution_time": 20.43218493461609
}