{
    "objective_value": 59.57142857142857,
    "feasibility": true,
    "execution_time": 19.395342350006104
}