{
    "objective_value": 57.43333333333333,
    "feasibility": true,
    "execution_time": 18.635730743408203
}