{
    "objective_value": 59.172413793103445,
    "feasibility": true,
    "execution_time": 20.92294955253601
}