{
    "objective_value": 56.11764705882353,
    "feasibility": true,
    "execution_time": 20.421953201293945
}