{
    "objective_value": 55.411764705882355,
    "feasibility": true,
    "execution_time": 20.73119854927063
}