{
    "objective_value": 55.729729729729726,
    "feasibility": true,
    "execution_time": 23.230899810791016
}