{
    "objective_value": 2.3076923076923075,
    "feasibility": true,
    "execution_time": 0.6454718112945557
}