{
    "objective_value": 2.066666666666667,
    "feasibility": true,
    "execution_time": 0.6653280258178711
}