{
    "objective_value": 1.8888888888888888,
    "feasibility": true,
    "execution_time": 0.6807184219360352
}