{
    "objective_value": 1.8888888888888888,
    "feasibility": true,
    "execution_time": 0.7050919532775879
}