{
    "objective_value": 2.1176470588235294,
    "feasibility": true,
    "execution_time": 0.7379798889160156
}