{
    "objective_value": 98.92307692307692,
    "feasibility": true,
    "execution_time": 26.696533679962158
}