{
    "objective_value": 92.66666666666667,
    "feasibility": true,
    "execution_time": 30.986257076263428
}