{
    "objective_value": 73.23529411764706,
    "feasibility": true,
    "execution_time": 32.742191314697266
}