{
    "objective_value": 106.84210526315789,
    "feasibility": true,
    "execution_time": 34.3133544921875
}