{
    "objective_value": 113.33333333333333,
    "feasibility": true,
    "execution_time": 28.806645393371582
}