{
    "objective_value": 111.66666666666667,
    "feasibility": true,
    "execution_time": 35.43378210067749
}