{
    "objective_value": 2.3636363636363638,
    "feasibility": true,
    "execution_time": 0.622112512588501
}