{
    "objective_value": 62.94444444444444,
    "feasibility": true,
    "execution_time": 61.20375180244446
}