{
    "objective_value": 66.76470588235294,
    "feasibility": true,
    "execution_time": 76.50062370300293
}