{
    "objective_value": 66.41176470588235,
    "feasibility": true,
    "execution_time": 64.20480632781982
}