{
    "objective_value": 63.05555555555556,
    "feasibility": true,
    "execution_time": 59.23695468902588
}