{
    "objective_value": 63.833333333333336,
    "feasibility": true,
    "execution_time": 50.49500250816345
}