{
    "objective_value": 63.611111111111114,
    "feasibility": true,
    "execution_time": 41.33891725540161
}