{
    "objective_value": 59.8421052631579,
    "feasibility": true,
    "execution_time": 45.54811096191406
}