{
    "objective_value": 63.333333333333336,
    "feasibility": true,
    "execution_time": 42.829548597335815
}