{
    "objective_value": 547.6666666666666,
    "feasibility": true,
    "execution_time": 93.40032505989075
}