{
    "objective_value": 329.3636363636364,
    "feasibility": true,
    "execution_time": 1.982057809829712
}