{
    "objective_value": 329.3636363636364,
    "feasibility": true,
    "execution_time": 1.729299545288086
}