{
    "objective_value": 329.3636363636364,
    "feasibility": true,
    "execution_time": 2.4664275646209717
}