{
    "objective_value": 329.3636363636364,
    "feasibility": true,
    "execution_time": 1.7157058715820312
}