{
    "objective_value": 329.3636363636364,
    "feasibility": true,
    "execution_time": 1.880669116973877
}