{
    "objective_value": 6.857142857142857,
    "feasibility": true,
    "execution_time": 0.7823398113250732
}