{
    "objective_value": 499.6666666666667,
    "feasibility": true,
    "execution_time": 193.39061045646667
}