{
    "objective_value": 1.0833333333333333,
    "feasibility": true,
    "execution_time": 0.499910831451416
}