{
    "objective_value": 1.7272727272727273,
    "feasibility": true,
    "execution_time": 1.8250014781951904
}