{
    "objective_value": 1.6666666666666667,
    "feasibility": true,
    "execution_time": 1.661595106124878
}