{
    "objective_value": 1.5851063829787233,
    "feasibility": true,
    "execution_time": 1.892207145690918
}