{
    "objective_value": 1.6785714285714286,
    "feasibility": true,
    "execution_time": 1.725628137588501
}