{
    "objective_value": 1.6373626373626373,
    "feasibility": true,
    "execution_time": 1.7205369472503662
}