{
    "objective_value": 86.52173913043478,
    "feasibility": true,
    "execution_time": 48.81718873977661
}