{
    "objective_value": 130.77777777777777,
    "feasibility": true,
    "execution_time": 38.2005341053009
}