{
    "objective_value": 131.07692307692307,
    "feasibility": true,
    "execution_time": 40.80418682098389
}