{
    "objective_value": 127.53846153846153,
    "feasibility": true,
    "execution_time": 37.67207670211792
}