{
    "objective_value": 118.14285714285714,
    "feasibility": true,
    "execution_time": 37.9303822517395
}