{
    "objective_value": 519.3333333333334,
    "feasibility": true,
    "execution_time": 125.6729187965393
}