{
    "objective_value": 1.1333333333333333,
    "feasibility": true,
    "execution_time": 0.4849569797515869
}