{
    "objective_value": 27.666666666666668,
    "feasibility": true,
    "execution_time": 0.949671745300293
}