{
    "objective_value": 82.21052631578948,
    "feasibility": true,
    "execution_time": 51.951000928878784
}