{
    "objective_value": 108.54545454545455,
    "feasibility": true,
    "execution_time": 35.13230514526367
}