{
    "objective_value": 95.41176470588235,
    "feasibility": true,
    "execution_time": 40.51692795753479
}