{
    "objective_value": 118.53333333333333,
    "feasibility": true,
    "execution_time": 55.315163373947144
}