{
    "objective_value": 98.07142857142857,
    "feasibility": true,
    "execution_time": 55.35614085197449
}