{
    "objective_value": 101.46153846153847,
    "feasibility": true,
    "execution_time": 51.643474817276
}