{
    "objective_value": 114.08333333333333,
    "feasibility": true,
    "execution_time": 46.677409648895264
}