{
    "objective_value": 98.28571428571429,
    "feasibility": true,
    "execution_time": 45.83135414123535
}