{
    "objective_value": 502.6666666666667,
    "feasibility": true,
    "execution_time": 155.1524817943573
}