{
    "objective_value": 492.3333333333333,
    "feasibility": true,
    "execution_time": 90.1594729423523
}