{
    "objective_value": 2.6363636363636362,
    "feasibility": true,
    "execution_time": 0.7449350357055664
}