{
    "objective_value": 2.5454545454545454,
    "feasibility": true,
    "execution_time": 0.7284517288208008
}