{
    "objective_value": 2.357142857142857,
    "feasibility": true,
    "execution_time": 0.7406904697418213
}