{
    "objective_value": 2.466666666666667,
    "feasibility": true,
    "execution_time": 0.7617309093475342
}