{
    "objective_value": 4.071428571428571,
    "feasibility": true,
    "execution_time": 0.8449432849884033
}