{
    "objective_value": 7.333333333333333,
    "feasibility": true,
    "execution_time": 0.8000702857971191
}