{
    "objective_value": 4.818181818181818,
    "feasibility": true,
    "execution_time": 0.8614146709442139
}