{
    "objective_value": 5.714285714285714,
    "feasibility": true,
    "execution_time": 0.7935278415679932
}