{
    "objective_value": 4.888888888888889,
    "feasibility": true,
    "execution_time": 0.8145837783813477
}