{
    "objective_value": 3.857142857142857,
    "feasibility": true,
    "execution_time": 0.916060209274292
}