{
    "objective_value": 867.3333333333334,
    "feasibility": true,
    "execution_time": 1.9307808876037598
}