{
    "objective_value": 171.88888888888889,
    "feasibility": true,
    "execution_time": 0.8218851089477539
}