{
    "objective_value": 1.0105263157894737,
    "feasibility": true,
    "execution_time": 2.2181220054626465
}