{
    "objective_value": 1.146788990825688,
    "feasibility": true,
    "execution_time": 2.770220994949341
}