{
    "objective_value": 1.0576923076923077,
    "feasibility": true,
    "execution_time": 2.0462565422058105
}