{
    "objective_value": 0.8596491228070176,
    "feasibility": true,
    "execution_time": 2.1256158351898193
}