{
    "objective_value": 0.9097744360902256,
    "feasibility": true,
    "execution_time": 2.629990577697754
}