{
    "objective_value": 0.9180327868852459,
    "feasibility": true,
    "execution_time": 2.4206509590148926
}