{
    "objective_value": 0.8782608695652174,
    "feasibility": true,
    "execution_time": 2.447922945022583
}