{
    "objective_value": 1.0196078431372548,
    "feasibility": true,
    "execution_time": 2.2872955799102783
}